turbineName,grossAnnualYield_MWh_per_year,blockageOnAnnualYield_MWh_per_year,internalWakesOnAnnualYield_MWh_per_year,hysteresisAdjustmentOnAnnualYield_MWh_per_year,largeWindFarmCorrectionOnAnnualYield_MWh_per_year,neighborsWakesOnAnnualYield_MWh_per_year,fullAnnualYield_MWh_per_year,freeMeanWindSpeed_m_per_s,fullMeanWindSpeed_m_per_s,ambientMeanTurbulenceIntensity_percentage,fullMeanTurbulenceIntensity_percentage,airDensityAtHubHeight_kg_per_m3,farm_name,easting,northing,turbineInteractionEfficiency
T1,14655.118623325987,13926.732739075927,12720.176725353407,12720.176725353407,12720.176725353407,12512.975035770232,12512.975035770232,7.343394754759646,6.766910841631098,7.499999999999998,8.215702355791999,1.225,Farm,100016.0532,103237.7459,0.853829665756087
T2,14655.118623325987,13907.599872055542,12429.365839322461,12429.365839322461,12429.365839322461,12223.888996000302,12223.888996000302,7.343394754759646,6.684095672371615,7.499999999999998,8.313324319383979,1.225,Farm,101266.2733,103112.912,0.8341037224048128
T3,14655.118623325987,13918.062783258685,12398.093658526332,12398.093658526332,12398.093658526332,12119.98797620654,12119.98797620654,7.343394754759646,6.651687076186651,7.499999999999998,8.364905653118843,1.225,Farm,99192.44203,102767.8101,0.8270139797378113
T4,14655.118623325987,13937.727168049398,12746.8860937015,12746.8860937015,12746.8860937015,12605.682018514304,12605.682018514304,7.343394754759646,6.784868165494314,7.499999999999998,8.18416968310453,1.225,Farm,102569.0599,103510.2297,0.8601555772090665
T5,14655.118623325987,13924.148854382885,12059.899526404533,12059.899526404533,12059.899526404533,11874.866458797143,11874.866458797143,7.343394754759646,6.582763432913599,7.499999999999998,8.44609211866544,1.225,Farm,100573.6564,102416.78,0.8102879795115665
T6,14655.118623325987,13928.004860402714,12410.846385737716,12410.846385737716,12410.846385737716,12128.447031868403,12128.447031868403,7.343394754759646,6.659567088863697,7.499999999999998,8.353389818118158,1.225,Farm,98202.55229,102587.7236,0.8275911880074462
T7,14655.118623325987,13929.344022718145,12073.007866123122,12073.007866123122,12073.007866123122,11950.805287808196,11950.805287808196,7.343394754759646,6.602223563907527,7.499999999999998,8.423063567028217,1.225,Farm,102082.7525,102612.148,0.8154697068631407
T8,14655.118623325987,13928.632895135033,11954.523253920892,11954.523253920892,11954.523253920892,11651.946140420456,11651.946140420456,7.343394754759646,6.514012857819003,7.499999999999998,8.53772787734835,1.225,Farm,99642.22554,101937.973,0.7950768901914245
T9,14655.118623325987,13914.09840075285,12442.383625193785,12442.383625193785,12442.383625193785,12307.395835235136,12307.395835235136,7.343394754759646,6.710430646614481,7.499999999999998,8.272342419276603,1.225,Farm,103498.4825,103385.7941,0.8398018570553178
T10,14655.118623325987,13941.569180124266,12872.717895202544,12872.717895202544,12872.717895202544,12323.727806951832,12323.727806951832,7.343394754759646,6.710270675807577,7.499999999999998,8.296639369225401,1.225,Farm,97136.52048,102717.1223,0.8409162780393078
T11,14655.118623325987,13934.105998368874,11826.708950627628,11826.708950627628,11826.708950627628,11607.614562366678,11607.614562366678,7.343394754759646,6.502365225450043,7.499999999999998,8.551131343258344,1.225,Farm,101307.9995,101845.5047,0.7920519008212793
T12,14655.118623325987,13940.243833994256,11966.23101987655,11966.23101987655,11966.23101987655,11628.609777297102,11628.609777297102,7.343394754759646,6.512553992698192,7.499999999999998,8.543661980261017,1.225,Farm,98545.38632,101727.3917,0.7934845207454202
T13,14655.118623325987,13928.704708335388,11894.97151954982,11894.97151954982,11894.97151954982,11740.39225728448,11740.39225728448,7.343394754759646,6.540189791633319,7.499999999999998,8.498483522043388,1.225,Farm,102977.8019,102379.4845,0.8011120591407395
T14,14655.118623325987,13959.175611536559,13467.172021542016,13467.172021542016,13467.172021542016,12521.041064482506,12521.041064482506,7.343394754759646,6.7659255725203975,7.499999999999998,8.224949319215806,1.225,Farm,96082.20695,103160.6269,0.8543800556177858
T15,14655.118623325987,13931.288936774863,11719.586714835072,11719.586714835072,11719.586714835072,11486.8649567843,11486.8649567843,7.343394754759646,6.466296608798331,7.499999999999998,8.59849462319319,1.225,Farm,100293.8949,101282.496,0.783812485727758
T16,14655.118623325987,13942.919438663625,12344.464971666914,12344.464971666914,12344.464971666914,11924.250981726618,11924.250981726618,7.343394754759646,6.594367015799234,7.499999999999998,8.444632526216218,1.225,Farm,97362.33879,101819.4804,0.8136577593269868
T17,14655.118623325987,13932.109768877945,11680.982335910381,11680.982335910381,11680.982335910381,11486.384312748896,11486.384312748896,7.343394754759646,6.461419225260692,7.499999999999998,8.595632301819446,1.225,Farm,102165.4306,101492.8084,0.7837796887202579
T18,14655.118623325987,13935.30194443852,11790.023835032755,11790.023835032755,11790.023835032755,11486.467061005049,11486.467061005049,7.343394754759646,6.46532118629579,7.499999999999998,8.602791488762394,1.225,Farm,99102.36402,100981.7182,0.7837853350925786
T19,14655.118623325987,13931.12204980446,11742.189203309128,11742.189203309128,11742.189203309128,11627.833036569706,11627.833036569706,7.343394754759646,6.511043280834715,7.499999999999998,8.546173482957505,1.225,Farm,103911.2284,102382.4328,0.7934315194188966
T20,14655.118623325987,13946.427180675477,12757.520974346275,12757.520974346275,12757.520974346275,12004.858285141898,12004.858285141898,7.343394754759646,6.620249742231027,7.499999999999998,8.41942482682258,1.225,Farm,96176.3784,102229.9422,0.8191580425718443
T21,14655.118623325987,13934.093182012524,11624.013892503946,11624.013892503946,11624.013892503946,11411.779625465033,11411.779625465033,7.343394754759646,6.44209314030473,7.499999999999998,8.62580257526153,1.225,Farm,101099.7683,100801.0729,0.778688997255972
T22,14655.118623325987,13943.672089063599,11964.958433990018,11964.958433990018,11964.958433990018,11651.130439159337,11651.130439159337,7.343394754759646,6.514209088773975,7.499999999999998,8.547072496351758,1.225,Farm,97806.29082,100985.4174,0.7950212303716656
T23,14655.118623325987,13933.971402199171,11527.80033852597,11527.80033852597,11527.80033852597,11379.617140458968,11379.617140458968,7.343394754759646,6.4339722863322395,7.499999999999998,8.640312691794692,1.225,Farm,103103.433,101349.5098,0.7764943725768599
T25,14655.118623325987,13935.624108139453,11749.171097346261,11749.171097346261,11749.171097346261,11506.880444548253,11506.880444548253,7.343394754759646,6.468517291008551,7.499999999999998,8.59472649839673,1.225,Farm,99835.50973,100368.0236,0.7851782534351647
T26,14655.118623325987,13928.867032873943,12086.244901326996,12086.244901326996,12086.244901326996,11979.90670142618,11979.90670142618,7.343394754759646,6.606384737927871,7.499999999999998,8.413476189078345,1.225,Farm,104846.2036,102603.2199,0.8174554576691194
T27,14655.118623325987,13950.035784040829,12389.706196577863,12389.706196577863,12389.706196577863,11803.594147803371,11803.594147803371,7.343394754759646,6.5590870108143635,7.499999999999998,8.498057509717173,1.225,Farm,96486.22663,101317.2539,0.8054246745581469
T28,14655.118623325987,13937.14051587106,11556.04633122029,11556.04633122029,11556.04633122029,11399.897850372688,11399.897850372688,7.343394754759646,6.433660662046777,7.499999999999998,8.629779033609825,1.225,Farm,102020.7131,100500.5984,0.7778782378620881
T29,14655.118623325987,13936.748149448626,11766.613343352145,11766.613343352145,11766.613343352145,11548.06930203871,11548.06930203871,7.343394754759646,6.483807555481571,7.499999999999998,8.578525296869564,1.225,Farm,98441.05445,100242.4989,0.7879887975562404
T30,14655.118623325987,13934.983727738096,11527.18290001898,11527.18290001898,11527.18290001898,11403.687523474311,11403.687523474311,7.343394754759646,6.435812811878527,7.499999999999998,8.63050531095818,1.225,Farm,104083.861,101411.7375,0.7781368282699194
T31,14655.118623325987,13956.550152094756,13305.233460464313,13305.233460464313,13305.233460464313,11918.213525177849,11918.213525177849,7.343394754759646,6.593400724092686,7.499999999999998,8.457732506161026,1.225,Farm,95226.27882,101980.8833,0.8132457901915641
T32,14655.118623325987,13935.748438912204,11655.617289009237,11655.617289009237,11655.617289009237,11477.612299075208,11477.612299075208,7.343394754759646,6.457115726397491,7.499999999999998,8.604593501134604,1.225,Farm,100711.8248,99904.4672,0.7831811255902587
T33,14655.118623325987,13939.018810589258,12490.670671954327,12490.670671954327,12490.670671954327,12380.819720531106,12380.819720531106,7.343394754759646,6.727091019730455,7.499999999999998,8.244625842356283,1.225,Farm,105748.2725,103027.5292,0.8448119758529306
T34,14655.118623325987,13943.38729552259,12066.606747650643,12066.606747650643,12066.606747650643,11677.454265770319,11677.454265770319,7.343394754759646,6.518917058312267,7.499999999999998,8.543881187207905,1.225,Farm,96994.98066,100455.6463,0.7968174510156312
T35,14655.118623325987,13931.699158955322,11386.194944915613,11386.194944915613,11386.194944915613,11246.702018668062,11246.702018668062,7.343394754759646,6.390581933938935,7.499999999999998,8.68924882663154,1.225,Farm,103020.6881,100388.4449,0.7674248368598751
T37,14655.118623325987,13940.453752901469,11684.31893214743,11684.31893214743,11684.31893214743,11480.177129161673,11480.177129161673,7.343394754759646,6.459600436969653,7.499999999999998,8.602801578887938,1.225,Farm,99241.13422,99616.60927,0.783356138167938
T38,14655.118623325987,13940.67057351943,11799.099299020616,11799.099299020616,11799.099299020616,11664.611805656417,11664.611805656417,7.343394754759646,6.507577314529774,7.499999999999998,8.530602270221197,1.225,Farm,105070.8503,101675.5023,0.7959411387561411
T39,14655.118623325987,13955.351689791638,12467.956204628657,12467.956204628657,12467.956204628657,11678.350196023855,11678.350196023855,7.343394754759646,6.52603136717167,7.499999999999998,8.54844870353199,1.225,Farm,95581.83461,101018.9576,0.7968785853043779
T40,14655.118623325987,13941.116000910932,11592.20741240213,11592.20741240213,11592.20741240213,11457.524911953797,11457.524911953797,7.343394754759646,6.4533178810289655,7.499999999999998,8.610681413848953,1.225,Farm,101699.5479,99607.37226,0.7818104517910416
T41,14655.118623325987,13940.719410375737,11862.26357389833,11862.26357389833,11862.26357389833,11653.523849948853,11653.523849948853,7.343394754759646,6.510240020121661,7.499999999999998,8.548485191754056,1.225,Farm,97685.26491,99675.93152,0.7951845460602679
T42,14655.118623325987,13936.368203362974,11490.578945751744,11490.578945751744,11490.578945751744,11337.243257972064,11337.243257972064,7.343394754759646,6.414204058261106,7.499999999999998,8.652880313721262,1.225,Farm,104064.8956,100469.8368,0.7736029676298226
T44,14655.118623325987,13935.349484164453,11655.062703416887,11655.062703416887,11655.062703416887,11510.1099709564,11510.1099709564,7.343394754759646,6.469942752723401,7.499999999999998,8.59165171889372,1.225,Farm,100180.4718,99130.96525,0.7853986219283277
T45,14655.118623325987,13944.83709819316,12000.516940120573,12000.516940120573,12000.516940120573,11891.640963203052,11891.640963203052,7.343394754759646,6.577764930519296,7.499999999999998,8.433180553688336,1.225,Farm,106030.2378,102134.4975,0.8114325969545948
T46,14655.118623325987,13944.52311252006,12220.535505813126,12220.535505813126,12220.535505813126,11681.237170314564,11681.237170314564,7.343394754759646,6.515175264744196,7.499999999999998,8.558744552298839,1.225,Farm,96129.01485,100102.2472,0.7970755795672639
T47,14655.118623325987,13933.512694650437,11406.063534326082,11406.063534326082,11406.063534326082,11296.239471153094,11296.239471153094,7.343394754759646,6.406229163815692,7.499999999999998,8.665316691975756,1.225,Farm,102766.8187,99489.95314,0.7708050519067997
T49,14655.118623325987,13940.074584060161,11768.578931540043,11768.578931540043,11768.578931540043,11582.953003074845,11582.953003074845,7.343394754759646,6.49162092992038,7.499999999999998,8.56879738667795,1.225,Farm,98537.63349,99006.3215,0.7903691058930568
T50,14655.118623325987,13934.963089661946,11652.523938956841,11652.523938956841,11652.523938956841,11505.754429989982,11505.754429989982,7.343394754759646,6.459462797232096,7.499999999999998,8.582802027293177,1.225,Farm,105119.2495,100746.6327,0.7851014192185873
T51,14655.118623325987,13949.652031939557,13255.779695812267,13255.779695812267,13255.779695812267,11822.143235836278,11822.143235836278,7.343394754759646,6.569390220928254,7.499999999999998,8.500372657127203,1.225,Farm,94660.75552,100894.7398,0.8066903816813484
T52,14655.118623325987,13938.073010907223,11510.806001072473,11510.806001072473,11510.806001072473,11393.977413496339,11393.977413496339,7.343394754759646,6.42580968527093,7.499999999999998,8.637947329891007,1.225,Farm,101231.5746,98805.46409,0.7774742536277383
T53,14655.118623325987,13953.198469253868,12384.98128933974,12384.98128933974,12384.98128933974,12272.130316625386,12272.130316625386,7.343394754759646,6.689211420237349,7.499999999999998,8.289133358379996,1.225,Farm,106929.5862,102779.1313,0.8373954951884395
T54,14655.118623325987,13944.452691296883,12017.914355503499,12017.914355503499,12017.914355503499,11677.511034914867,11677.511034914867,7.343394754759646,6.520474984882424,7.499999999999998,8.541906888947173,1.225,Farm,96855.50564,99262.17975,0.7968213246891243
T55,14655.118623325987,13931.653717883682,11373.367397219443,11373.367397219443,11373.367397219443,11261.30818307096,11261.30818307096,7.343394754759646,6.391478875445286,7.499999999999998,8.670286394431821,1.225,Farm,103881.3226,99561.59932,0.7684214964419851
T57,14655.118623325987,13936.593948336402,11747.687145462103,11747.687145462103,11747.687145462103,11545.89390491784,11545.89390491784,7.343394754759646,6.472388636198964,7.499999999999998,8.583434869175495,1.225,Farm,99530.03764,98472.02412,0.787840358149042
T58,14655.118623325987,13936.20509980099,11796.812739084678,11796.812739084678,11796.812739084678,11681.714648395193,11681.714648395193,7.343394754759646,6.508849652548096,7.499999999999998,8.51482483165755,1.225,Farm,106150.4168,101216.7212,0.7971081605441158
T59,14655.118623325987,13942.411641713867,12490.434594287852,12490.434594287852,12490.434594287852,11858.169821030366,11858.169821030366,7.343394754759646,6.577492600579685,7.499999999999998,8.488104695589898,1.225,Farm,95224.39096,99906.84185,0.809148675341063
T60,14655.118623325987,13932.32783251416,11460.33678617266,11460.33678617266,11460.33678617266,11333.080347396251,11333.080347396251,7.343394754759646,6.4082119240327975,7.499999999999998,8.658130618756033,1.225,Farm,102365.333,98656.19306,0.773318909159686
T62,14655.118623325987,13937.490748697737,11946.658004452958,11946.658004452958,11946.658004452958,11746.221115838318,11746.221115838318,7.343394754759646,6.534749366145501,7.499999999999998,8.518464294741934,1.225,Farm,97745.46882,98527.85377,0.8015097944783819
T63,14655.118623325987,13937.666499871993,11465.36591277766,11465.36591277766,11465.36591277766,11342.517031266347,11342.517031266347,7.343394754759646,6.407251676671161,7.499999999999998,8.645434776179695,1.225,Farm,105010.4035,99827.44364,0.7739628264224965
T65,14655.118623325987,13932.403759619552,11617.919399524118,11617.919399524118,11617.919399524118,11469.903911604206,11469.903911604206,7.343394754759646,6.455961094164075,7.499999999999998,8.604496051995561,1.225,Farm,100637.7633,98094.82353,0.7826551395734186
T66,14655.118623325987,13953.52800702656,11856.644025937367,11856.644025937367,11856.644025937367,11750.514598114907,11750.514598114907,7.343394754759646,6.535460959415546,7.499999999999998,8.481894736222536,1.225,Farm,107126.1357,101873.7482,0.8018027625796263
T67,14655.118623325987,13942.061829281076,12230.486923767186,12230.486923767186,12230.486923767186,11815.168353054924,11815.168353054924,7.343394754759646,6.561335360952382,7.499999999999998,8.50170886099543,1.225,Farm,95969.24665,98991.13746,0.806214446756451
T68,14655.118623325987,13932.560428217124,11479.732220208394,11479.732220208394,11479.732220208394,11369.432957227613,11369.432957227613,7.343394754759646,6.419998603050911,7.499999999999998,8.636611788086046,1.225,Farm,103551.1977,98695.04888,0.7757994492880682
T70,14655.118623325987,13936.720626878907,11901.119459371748,11901.119459371748,11901.119459371748,11761.943946796879,11761.943946796879,7.343394754759646,6.5374333308146655,7.499999999999998,8.499150086128896,1.225,Farm,98779.53596,97925.6106,0.8025826504110206
T71,14655.118623325987,13937.125767241569,11730.090819190002,11730.090819190002,11730.090819190002,11597.718389087166,11597.718389087166,7.343394754759646,6.483328769846587,7.499999999999998,8.54087034567578,1.225,Farm,106121.421,100288.1136,0.7913766300483931
T72,14655.118623325987,13937.282124846508,13279.614383543863,13279.614383543863,13279.614383543863,12072.6852569488,12072.6852569488,7.343394754759646,6.640515275943507,7.499999999999998,8.399570513727252,1.225,Farm,94296.07591,99858.44862,0.8237862529296196
T73,14655.118623325987,13928.655350875759,11654.874489440814,11654.874489440814,11654.874489440814,11552.213841676687,11552.213841676687,7.343394754759646,6.476406780172846,7.499999999999998,8.56939293712131,1.225,Farm,101833.6391,97892.68103,0.7882716024754295
T74,14655.118623325987,14020.330495449187,12431.503468786337,12431.503468786337,12431.503468786337,12356.332599348865,12356.332599348865,7.343394754759646,6.7155496088919895,7.499999999999998,8.25480280586613,1.225,Farm,108015.6716,102707.0572,0.8431410838041097
T75,14655.118623325987,13936.912943391835,12156.77248204035,12156.77248204035,12156.77248204035,11921.496163473377,11921.496163473377,7.343394754759646,6.5886483921716215,7.499999999999998,8.45044788376112,1.225,Farm,96882.00611,98177.27719,0.8134697828032856
T76,14655.118623325987,13934.135853424992,11581.194002830624,11581.194002830624,11581.194002830624,11460.705207386281,11460.705207386281,7.343394754759646,6.441735458128942,7.499999999999998,8.593265571313465,1.225,Farm,104757.5621,98929.45422,0.7820274609817706
T78,14655.118623325987,13924.293424342384,11825.90138869605,11825.90138869605,11825.90138869605,11713.477223133825,11713.477223133825,7.343394754759646,6.520659908239018,7.499999999999998,8.513560476795194,1.225,Farm,99935.007,97478.58334,0.7992754971283504
T79,14655.118623325987,13937.490897501077,11804.835766518583,11804.835766518583,11804.835766518583,11705.212058852576,11705.212058852576,7.343394754759646,6.526123222947592,7.499999999999998,8.490289657060348,1.225,Farm,107182.2411,100939.6241,0.7987115191426593
T80,14655.118623325987,13933.446626951498,12608.058844882677,12608.058844882677,12608.058844882677,12038.317146935533,12038.317146935533,7.343394754759646,6.62788111747144,7.499999999999998,8.4182800116345,1.225,Farm,95042.3094,98857.01687,0.821441126227024
T81,14655.118623325987,13928.23511517064,11693.51645071084,11693.51645071084,11693.51645071084,11589.024214153524,11589.024214153524,7.343394754759646,6.485947471341137,7.499999999999998,8.545295766292087,1.225,Farm,103088.417,97879.38267,0.7907833782872096
T83,14655.118623325987,13928.582038823517,12177.274448147338,12177.274448147338,12177.274448147338,12012.546136072518,12012.546136072518,7.343394754759646,6.613615887846927,7.499999999999998,8.403905839274985,1.225,Farm,97945.33288,97492.5084,0.819682627266668
T84,14655.118623325987,13935.194151999429,11732.788509659536,11732.788509659536,11732.788509659536,11621.860354379549,11621.860354379549,7.343394754759646,6.492231318571035,7.499999999999998,8.52695112550187,1.225,Farm,105952.27,99362.16939,0.7930239701971079
T86,14655.118623325987,13927.096498362696,11810.965100184085,11810.965100184085,11810.965100184085,11717.135078017493,11717.135078017493,7.343394754759646,6.511792427067266,7.499999999999998,8.517451434864542,1.225,Farm,101186.1946,97206.26188,0.7995250928482954
T87,14655.118623325987,13963.42574240404,11967.13037312667,11967.13037312667,11967.13037312667,11873.089792292558,11873.089792292558,7.343394754759646,6.5720164296712476,7.499999999999998,8.435587834716179,1.225,Farm,108161.7989,101773.3921,0.8101667477051069
T88,14655.118623325987,13928.586164637336,12449.037509585021,12449.037509585021,12449.037509585021,12191.454613797629,12191.454613797629,7.343394754759646,6.661676110270951,7.499999999999998,8.365945708092177,1.225,Farm,95962.95203,97953.03495,0.8318905446724232
T89,14655.118623325987,13932.191896776061,11786.229644596626,11786.229644596626,11786.229644596626,11689.6405743123,11689.6405743123,7.343394754759646,6.505079544020796,7.499999999999998,8.507381848771812,1.225,Farm,104371.2681,98064.25164,0.7976489904152908
T91,14655.118623325987,13922.797939541333,12215.980661055837,12215.980661055837,12215.980661055837,12094.544308462222,12094.544308462222,7.343394754759646,6.630454323852461,7.499999999999998,8.373231545369894,1.225,Farm,99138.14647,96961.16011,0.8252778172134208
T92,14655.118623325987,13938.759484274964,11843.026286919921,11843.026286919921,11843.026286919921,11732.404834730043,11732.404834730043,7.343394754759646,6.521758806773541,7.499999999999998,8.482651558665768,1.225,Farm,107103.1992,99991.20092,0.8005670330130271
T93,14655.118623325987,13927.006725541738,13366.425264663914,13366.425264663914,13366.425264663914,12481.391515953408,12481.391515953408,7.343394754759646,6.75033556546855,7.499999999999998,8.258146300029695,1.225,Farm,94089.51501,98855.94823,0.8516745470819498
T94,14655.118623325987,13926.637877473473,11861.784224115645,11861.784224115645,11861.784224115645,11765.901524683482,11765.901524683482,7.343394754759646,6.537120045052834,7.499999999999998,8.47356636585705,1.225,Farm,102504.8779,97124.10099,0.8028526978932911
T96,14655.118623325987,14132.703641673632,12733.459801434752,12733.459801434752,12733.459801434752,12665.44443295274,12665.44443295274,7.343394754759646,6.797920352169008,7.499999999999998,8.143296290984976,1.225,Farm,109279.3198,102673.0606,0.8642334981030887
T97,14655.118623325987,13928.975007329127,12690.592991423091,12690.592991423091,12690.592991423091,12484.862198805862,12484.862198805862,7.343394754759646,6.744516045090888,7.499999999999998,8.238773417166026,1.225,Farm,96970.6073,96947.61536,0.8519113710164167
T98,14655.118623325987,13949.151325809089,12065.281000745832,12065.281000745832,12065.281000745832,11968.229164691435,11968.229164691435,7.343394754759646,6.587375075173465,7.499999999999998,8.391127388936203,1.225,Farm,105760.1706,98294.97611,0.8166586345907884
T100,14655.118623325987,13935.33178843697,12447.370752059864,12447.370752059864,12447.370752059864,12353.151786294835,12353.151786294835,7.343394754759646,6.701191685996228,7.499999999999998,8.275784318406993,1.225,Farm,100441.0291,96489.77027,0.8429240392931927
T101,14655.118623325987,13966.29824629613,12113.953650649584,12113.953650649584,12113.953650649584,12026.89255892334,12026.89255892334,7.343394754759646,6.6151253856241174,7.499999999999998,8.362957063979817,1.225,Farm,108235.0563,100770.5347,0.8206615632425247
T102,14655.118623325987,13932.839136097524,13159.157288118804,13159.157288118804,13159.157288118804,12835.881234445338,12835.881234445338,7.343394754759646,6.845100660843266,7.499999999999998,8.12502332322461,1.225,Farm,94984.0706,97821.55078,0.8758633460676982
T103,14655.118623325987,13936.5932223613,12091.906031492932,12091.906031492932,12091.906031492932,11994.206153516647,11994.206153516647,7.343394754759646,6.5877017598691525,7.499999999999998,8.397098619548208,1.225,Farm,103857.9287,97250.19536,0.8184311885695644
T105,14655.118623325987,13932.806082037483,12578.583409983588,12578.583409983588,12578.583409983588,12414.074678874782,12414.074678874782,7.343394754759646,6.720895542333709,7.499999999999998,8.263425032252583,1.225,Farm,98275.23922,96629.2176,0.8470811460451626
T106,14655.118623325987,13941.773049677899,11887.621533331869,11887.621533331869,11887.621533331869,11796.15001497403,11796.15001497403,7.343394754759646,6.5404720398850165,7.499999999999998,8.464413389477912,1.225,Farm,106806.6401,99136.60741,0.8049167201006857
T108,14655.118623325987,13932.262243744344,12127.302350464448,12127.302350464448,12127.302350464448,12030.48395032,12030.48395032,7.343394754759646,6.605123671217269,7.499999999999998,8.395552986893396,1.225,Farm,101775.7203,96638.23162,0.8209066237902396
T109,14655.118623325987,13992.530640624287,12195.753109608273,12195.753109608273,12195.753109608273,12122.486260953749,12122.486260953749,7.343394754759646,6.648288736217463,7.499999999999998,8.347002137198043,1.225,Farm,108929.3153,101920.0763,0.827184451558028
T110,14655.118623325987,13921.070445830193,12804.493099220292,12804.493099220292,12804.493099220292,12569.105204476557,12569.105204476557,7.343394754759646,6.765411330135806,7.499999999999998,8.22168461452255,1.225,Farm,96189.90681,97230.44957,0.8576597383845667
