turbineName,grossAnnualYield_MWh_per_year,internalBlockageOnAnnualYield_MWh_per_year,blockageOnAnnualYield_MWh_per_year,internalWakesOnAnnualYield_MWh_per_year,hysteresisAdjustmentOnAnnualYield_MWh_per_year,largeWindFarmCorrectionOnAnnualYield_MWh_per_year,neighborsWakesOnAnnualYield_MWh_per_year,fullAnnualYield_MWh_per_year,freeMeanWindSpeed_m_per_s,fullMeanWindSpeed_m_per_s,ambientMeanTurbulenceIntensity_percentage,fullMeanTurbulenceIntensity_percentage,airDensityAtHubHeight_kg_per_m3,farm_name,easting,northing,turbineInteractionEfficiency
T1,14655.118623325947,14154.122373451575,14161.00032682303,13076.88279937837,13076.88279937837,13076.88279937837,12911.376325684463,12911.376325684463,7.343394754759607,6.891583523675068,7.499999999999938,8.0628660829786,1.225,Farm,100016.0532,103237.7459,0.881014794730761
T2,14655.118623325947,14129.880210054916,14132.633974802202,12780.156255367692,12780.156255367692,12780.156255367692,12635.54054863116,12635.54054863116,7.343394754759607,6.818090826837714,7.499999999999938,8.149059688225703,1.225,Farm,101266.2733,103112.912,0.862192990271651
T3,14655.118623325947,14130.589723776908,14136.590880409347,12744.345915955506,12744.345915955506,12744.345915955506,12523.027675229034,12523.027675229034,7.343394754759607,6.786359256614135,7.499999999999938,8.200010876952422,1.225,Farm,99192.44203,102767.8101,0.8545156130839261
T4,14655.118623325947,14182.835454611837,14187.032290454814,13107.006409730046,13107.006409730046,13107.006409730046,13030.429442586732,13030.429442586732,7.343394754759607,6.922315224777507,7.499999999999938,8.023188346696791,1.225,Farm,102569.0599,103510.2297,0.8891384489953384
T5,14655.118623325947,14138.214612483212,14134.502212185273,12454.426776980368,12454.426776980368,12454.426776980368,12314.631491160124,12314.631491160124,7.343394754759607,6.7315116854754775,7.499999999999938,8.261396060826637,1.225,Farm,100573.6564,102416.78,0.8402955859776825
T6,14655.118623325947,14135.016987408782,14129.45777863481,12741.540683642077,12741.540683642077,12741.540683642077,12500.37394870705,12500.37394870705,7.343394754759607,6.780637203090979,7.499999999999938,8.202598644182517,1.225,Farm,98202.55229,102587.7236,0.8529698237181595
T7,14655.118623325947,14141.810187023071,14146.421650144788,12469.595795116638,12469.595795116638,12469.595795116638,12400.65895982003,12400.65895982003,7.343394754759607,6.7530360824778946,7.499999999999938,8.238685429398355,1.225,Farm,102082.7525,102612.148,0.8461657171496663
T8,14655.118623325947,14145.912770438359,14134.7806748296,12355.723966985648,12355.723966985648,12355.723966985648,12105.785225557878,12105.785225557878,7.343394754759607,6.67303023037045,7.499999999999938,8.340533107789135,1.225,Farm,99642.22554,101937.973,0.8260448473129108
T9,14655.118623325947,14138.073876560564,14138.286422565014,12825.611311062956,12825.611311062956,12825.611311062956,12756.234308417055,12756.234308417055,7.343394754759607,6.852137674118411,7.499999999999938,8.100191746643846,1.225,Farm,103498.4825,103385.7941,0.8704285946968374
T10,14655.118623325947,14175.203624560756,14130.842660940487,13188.131454590828,13188.131454590828,13188.131454590828,12690.842727120607,12690.842727120607,7.343394754759607,6.829598266670939,7.499999999999938,8.142121142505307,1.225,Farm,97136.52048,102717.1223,0.8659665645367836
T11,14655.118623325947,14141.126142598092,14138.842390448273,12229.14136466067,12229.14136466067,12229.14136466067,12060.245894086343,12060.245894086343,7.343394754759607,6.661404128631728,7.499999999999938,8.354033750712869,1.225,Farm,101307.9995,101845.5047,0.8229374462305988
T12,14655.118623325947,14148.1373451926,14136.931160293354,12338.229431046262,12338.229431046262,12338.229431046262,12077.558080930567,12077.558080930567,7.343394754759607,6.66650774926865,7.499999999999938,8.35120840527226,1.225,Farm,98545.38632,101727.3917,0.8241187527276113
T13,14655.118623325947,14151.758628442547,14149.260435000284,12310.490549613172,12310.490549613172,12310.490549613172,12228.939055895738,12228.939055895738,7.343394754759607,6.708632398159346,7.499999999999938,8.293636954392698,1.225,Farm,102977.8019,102379.4845,0.8344483159918912
T14,14655.118623325947,14193.642159120707,14153.03695912694,13706.493568525853,13706.493568525853,13706.493568525853,12893.77544417379,12893.77544417379,7.343394754759607,6.883365876985601,7.499999999999938,8.075099714882544,1.225,Farm,96082.20695,103160.6269,0.8798137889959691
T15,14655.118623325947,14141.463954046507,14135.240735357293,12138.427312136759,12138.427312136759,12138.427312136759,11937.380876874146,11937.380876874146,7.343394754759607,6.626850006871082,7.499999999999938,8.400327777188291,1.225,Farm,100293.8949,101282.496,0.814553684872527
T16,14655.118623325947,14160.31887728391,14138.718353028626,12695.114846762895,12695.114846762895,12695.114846762895,12323.213659546487,12323.213659546487,7.343394754759607,6.730068996774921,7.499999999999938,8.27096387551874,1.225,Farm,97362.33879,101819.4804,0.8408811949111171
T17,14655.118623325947,14143.013817298004,14138.025670922456,12099.038012435645,12099.038012435645,12099.038012435645,11960.663577691554,11960.663577691554,7.343394754759607,6.634517297808085,7.499999999999938,8.387127392957092,1.225,Farm,102165.4306,101492.8084,0.8161423926418623
T18,14655.118623325947,14140.315243722656,14133.807847761609,12181.175060925167,12181.175060925167,12181.175060925167,11947.024987134733,11947.024987134733,7.343394754759607,6.630488595134216,7.499999999999938,8.397626316415307,1.225,Farm,99102.36402,100981.7182,0.815211755988051
T19,14655.118623325947,14150.23094941683,14145.467464439058,12198.261127836256,12198.261127836256,12198.261127836256,12171.08976092765,12171.08976092765,7.343394754759607,6.692495385139553,7.499999999999938,8.32079554187404,1.225,Farm,103911.2284,102382.4328,0.8305009378467555
T20,14655.118623325947,14150.177149542536,14138.379810317154,13051.490397476784,13051.490397476784,13051.490397476784,12407.813077260771,12407.813077260771,7.343394754759607,6.751401995645933,7.499999999999938,8.246964781155896,1.225,Farm,96176.3784,102229.9422,0.8466538822491527
T21,14655.118623325947,14143.65366391113,14139.103099253578,12056.362278174323,12056.362278174323,12056.362278174323,11893.900075078653,11893.900075078653,7.343394754759607,6.6150546948100555,7.499999999999938,8.41250250733632,1.225,Farm,101099.7683,100801.0729,0.8115867486836731
T22,14655.118623325947,14156.445432707507,14136.70023346244,12369.686027823322,12369.686027823322,12369.686027823322,12098.220186642962,12098.220186642962,7.343394754759607,6.670119281960845,7.499999999999938,8.34778668699237,1.225,Farm,97806.29082,100985.4174,0.8255286427628586
T23,14655.118623325947,14145.56303157953,14140.264128996447,11983.856082879176,11983.856082879176,11983.856082879176,11915.237961768384,11915.237961768384,7.343394754759607,6.622971414646491,7.499999999999938,8.409614534902202,1.225,Farm,103103.433,101349.5098,0.813042751001919
T25,14655.118623325947,14142.926664282304,14137.558038340323,12157.543237812279,12157.543237812279,12157.543237812279,11982.232208796511,11982.232208796511,7.343394754759607,6.638556921818824,7.499999999999938,8.384304780517267,1.225,Farm,99835.50973,100368.0236,0.8176141399309377
T26,14655.118623325947,14156.111179646276,14155.809146265554,12534.55621373618,12534.55621373618,12534.55621373618,12494.535288402209,12494.535288402209,7.343394754759607,6.778112791297884,7.499999999999938,8.205313319484201,1.225,Farm,104846.2036,102603.2199,0.8525714195526997
T27,14655.118623325947,14157.420956579479,14142.01267318854,12717.305161848024,12717.305161848024,12717.305161848024,12218.11290911958,12218.11290911958,7.343394754759607,6.700504869702942,7.499999999999938,8.313866721706058,1.225,Farm,96486.22663,101317.2539,0.8337095879710257
T28,14655.118623325947,14142.355241712352,14135.732393522414,11988.947565181283,11988.947565181283,11988.947565181283,11884.527307885879,11884.527307885879,7.343394754759607,6.613974149153094,7.499999999999938,8.412716170026687,1.225,Farm,102020.7131,100500.5984,0.8109471928101467
T29,14655.118623325947,14152.382140726593,14134.164370625938,12171.995431218718,12171.995431218718,12171.995431218718,11982.589861305427,11982.589861305427,7.343394754759607,6.6402219999256165,7.499999999999938,8.38446974894755,1.225,Farm,98441.05445,100242.4989,0.8176385445446503
T30,14655.118623325947,14145.736330466407,14139.259352180203,11988.188940850998,11988.188940850998,11988.188940850998,11955.493336460158,11955.493336460158,7.343394754759607,6.632349263348567,7.499999999999938,8.394633760338154,1.225,Farm,104083.861,101411.7375,0.8157895984158801
T31,14655.118623325947,14151.502666895802,14147.882218103738,13526.679760091738,13526.679760091738,13526.679760091738,12332.29120888533,12332.29120888533,7.343394754759607,6.7307757354343565,7.499999999999938,8.278861018021884,1.225,Farm,95226.27882,101980.8833,0.8415006064336137
T32,14655.118623325947,14141.735448656906,14135.963045443443,12072.017778937941,12072.017778937941,12072.017778937941,11945.865897413047,11945.865897413047,7.343394754759607,6.627597529237586,7.499999999999938,8.398318025736634,1.225,Farm,100711.8248,99904.4672,0.8151326648696863
T33,14655.118623325947,14170.602020995439,14170.329470575678,12919.567479442398,12919.567479442398,12919.567479442398,12864.76974166093,12864.76974166093,7.343394754759607,6.879951213421859,7.499999999999938,8.063896230223982,1.225,Farm,105748.2725,103027.5292,0.8778345690893697
T34,14655.118623325947,14149.786537178963,14141.607934887154,12439.01456662726,12439.01456662726,12439.01456662726,12117.585511200798,12117.585511200798,7.343394754759607,6.673150421768038,7.499999999999938,8.34826623175726,1.225,Farm,96994.98066,100455.6463,0.8268500462298365
T35,14655.118623325947,14141.202382706393,14133.634052291374,11859.009552993199,11859.009552993199,11859.009552993199,11805.146917788505,11805.146917788505,7.343394754759607,6.592703222594348,7.499999999999938,8.442376010088378,1.225,Farm,103020.6881,100388.4449,0.8055306286636766
T37,14655.118623325947,14147.092251612969,14140.843324755071,12098.003345348488,12098.003345348488,12098.003345348488,11938.298312675872,11938.298312675872,7.343394754759607,6.626497703432622,7.499999999999938,8.398131185418581,1.225,Farm,99241.13422,99616.60927,0.8146162866040658
T38,14655.118623325947,14148.056998223496,14143.167891787396,12258.85650823924,12258.85650823924,12258.85650823924,12190.677237618696,12190.677237618696,7.343394754759607,6.695206288807664,7.499999999999938,8.307697845151013,1.225,Farm,105070.8503,101675.5023,0.8318374999855204
T39,14655.118623325947,14148.121033612824,14144.974735534914,12793.255831212038,12793.255831212038,12793.255831212038,12115.806980750967,12115.806980750967,7.343394754759607,6.671836443526733,7.499999999999938,8.354578210412619,1.225,Farm,95581.83461,101018.9576,0.8267286872360581
T40,14655.118623325947,14142.02112832261,14135.25613729242,12012.799905493031,12012.799905493031,12012.799905493031,11934.386101920394,11934.386101920394,7.343394754759607,6.6259433497262314,7.499999999999938,8.40048923712682,1.225,Farm,101699.5479,99607.37226,0.8143493347726933
T41,14655.118623325947,14147.55167037947,14138.97638707481,12274.778223043711,12274.778223043711,12274.778223043711,12094.677517468048,12094.677517468048,7.343394754759607,6.667470470381506,7.499999999999938,8.352602908121783,1.225,Farm,97685.26491,99675.93152,0.8252869068024772
T42,14655.118623325947,14144.934726251357,14138.730989185593,11977.280174974694,11977.280174974694,11977.280174974694,11890.914173559993,11890.914173559993,7.343394754759607,6.616148937237996,7.499999999999938,8.412144069800169,1.225,Farm,104064.8956,100469.8368,0.8113830040675151
T44,14655.118623325947,14135.139975392325,14127.9180159037,12049.719806362102,12049.719806362102,12049.719806362102,11951.00520482674,11951.00520482674,7.343394754759607,6.630037922469383,7.499999999999938,8.394930892968649,1.225,Farm,100180.4718,99130.96525,0.8154833483097721
T45,14655.118623325947,14168.488630770504,14163.664934552935,12448.411518116009,12448.411518116009,12448.411518116009,12388.13340037713,12388.13340037713,7.343394754759607,6.751048992057025,7.499999999999938,8.229921762858334,1.225,Farm,106030.2378,102134.4975,0.8453110287800366
T46,14655.118623325947,14151.1340022536,14143.553717524106,12537.558255309685,12537.558255309685,12537.558255309685,12121.526740639272,12121.526740639272,7.343394754759607,6.671222362745731,7.499999999999938,8.36013136156152,1.225,Farm,96129.01485,100102.2472,0.827118978166846
T47,14655.118623325947,14138.092697873253,14131.5220428952,11862.108817954888,11862.108817954888,11862.108817954888,11811.167725750374,11811.167725750374,7.343394754759607,6.594396627533474,7.499999999999938,8.437488540731954,1.225,Farm,102766.8187,99489.95314,0.805941461773706
T49,14655.118623325947,14145.387434641985,14140.67083641145,12172.600031676668,12172.600031676668,12172.600031676668,12022.556517773235,12022.556517773235,7.343394754759607,6.648523845264267,7.499999999999938,8.375448060945523,1.225,Farm,98537.63349,99006.3215,0.8203656911133718
T50,14655.118623325947,14151.08612806089,14146.343336292215,12127.559584501423,12127.559584501423,12127.559584501423,12041.01328926648,12041.01328926648,7.343394754759607,6.655866966786305,7.499999999999938,8.353762470356763,1.225,Farm,105119.2495,100746.6327,0.8216250989672166
T51,14655.118623325947,14143.845819315966,14147.096926175422,13473.853092481524,13473.853092481524,13473.853092481524,12240.876401146044,12240.876401146044,7.343394754759607,6.7042847224479285,7.499999999999938,8.31945725215661,1.225,Farm,94660.75552,100894.7398,0.8352628672457654
T52,14655.118623325947,14141.386063104437,14134.75772680274,11976.554794210555,11976.554794210555,11976.554794210555,11902.623698365493,11902.623698365493,7.343394754759607,6.616926978729678,7.499999999999938,8.410242073220047,1.225,Farm,101231.5746,98805.46409,0.8121820098692738
T53,14655.118623325947,14179.836280208909,14176.995639152748,12797.11032870977,12797.11032870977,12797.11032870977,12741.215048302536,12741.215048302536,7.343394754759607,6.848708417245727,7.499999999999938,8.100281967537095,1.225,Farm,106929.5862,102779.1313,0.8694037473038854
T54,14655.118623325947,14152.940068776932,14144.509446836932,12378.305942235706,12378.305942235706,12378.305942235706,12108.77510426555,12108.77510426555,7.343394754759607,6.669665244672015,7.499999999999938,8.352926247425327,1.225,Farm,96855.50564,99262.17975,0.826248863314727
T55,14655.118623325947,14138.263707041831,14131.315904457559,11864.289977602528,11864.289977602528,11864.289977602528,11799.871256881393,11799.871256881393,7.343394754759607,6.591867374913635,7.499999999999938,8.434248488900222,1.225,Farm,103881.3226,99561.59932,0.8051706410687134
T57,14655.118623325947,14140.718651364321,14134.870274040899,12131.466925192359,12131.466925192359,12131.466925192359,12003.585218146789,12003.585218146789,7.343394754759607,6.643395701010445,7.499999999999938,8.377223540284906,1.225,Farm,99530.03764,98472.02412,0.8190711741521614
T58,14655.118623325947,14162.784317310792,14159.279325902038,12287.278389825724,12287.278389825724,12287.278389825724,12236.220661654086,12236.220661654086,7.343394754759607,6.709117711995411,7.499999999999938,8.282405327757473,1.225,Farm,106150.4168,101216.7212,0.8349451803261557
T59,14655.118623325947,14150.0192607372,14146.051939961317,12791.911671051166,12791.911671051166,12791.911671051166,12249.318258125382,12249.318258125382,7.343394754759607,6.705569846141301,7.499999999999938,8.3157091060389,1.225,Farm,95224.39096,99906.84185,0.8358389019539322
T60,14655.118623325947,14137.569197395438,14131.768053298261,11918.136308830248,11918.136308830248,11918.136308830248,11848.671741249549,11848.671741249549,7.343394754759607,6.604085821795685,7.499999999999938,8.426482474346196,1.225,Farm,102365.333,98656.19306,0.8085005686948523
T62,14655.118623325947,14148.026538890308,14137.284022944912,12330.509432050241,12330.509432050241,12330.509432050241,12162.419638773257,12162.419638773257,7.343394754759607,6.683803977319278,7.499999999999938,8.332291388724693,1.225,Farm,97745.46882,98527.85377,0.8299093273400624
T63,14655.118623325947,14151.516503236908,14145.967557886868,11961.874867212478,11961.874867212478,11961.874867212478,11905.694409112006,11905.694409112006,7.343394754759607,6.619222094598416,7.499999999999938,8.399868689064679,1.225,Farm,105010.4035,99827.44364,0.812391541489279
T65,14655.118623325947,14138.328750782783,14131.90459479597,12034.766474236803,12034.766474236803,12034.766474236803,11932.276251746942,11932.276251746942,7.343394754759607,6.624041045712975,7.499999999999938,8.400986990746214,1.225,Farm,100637.7633,98094.82353,0.8142053679971468
T66,14655.118623325947,14178.141650177005,14173.99348868565,12351.124687509913,12351.124687509913,12351.124687509913,12292.998885166067,12292.998885166067,7.343394754759607,6.727072097101337,7.499999999999938,8.261786709553569,1.225,Farm,107126.1357,101873.7482,0.8388194733272106
T67,14655.118623325947,14157.988377936812,14145.570552112187,12547.601651970632,12547.601651970632,12547.601651970632,12202.250692133593,12202.250692133593,7.343394754759607,6.692026725322805,7.499999999999938,8.33201670583352,1.225,Farm,95969.24665,98991.13746,0.8326272209569
T68,14655.118623325947,14139.70522618537,14133.58955330944,11937.079929240743,11937.079929240743,11937.079929240743,11873.641384537561,11873.641384537561,7.343394754759607,6.610968465986272,7.499999999999938,8.411928716122963,1.225,Farm,103551.1977,98695.04888,0.8102043859023275
T70,14655.118623325947,14141.173501332685,14136.858424889584,12279.800923743898,12279.800923743898,12279.800923743898,12172.591997956824,12172.591997956824,7.343394754759607,6.687518854032889,7.499999999999938,8.317775417151394,1.225,Farm,98779.53596,97925.6106,0.8306034438085143
T71,14655.118623325947,14155.158790593137,14150.652793161376,12204.898421390966,12204.898421390966,12204.898421390966,12126.497419197862,12126.497419197862,7.343394754759607,6.680047071945775,7.499999999999938,8.314819316339998,1.225,Farm,106121.421,100288.1136,0.8274581551251736
T72,14655.118623325947,14149.666032540674,14140.699516766517,13486.697667104974,13486.697667104974,13486.697667104974,12415.856720508029,12415.856720508029,7.343394754759607,6.7511009544767075,7.499999999999938,8.252851330158697,1.225,Farm,94296.07591,99858.44862,0.8472027446264558
T73,14655.118623325947,14139.143318275172,14132.66242911267,12046.498683182976,12046.498683182976,12046.498683182976,11983.71291216912,11983.71291216912,7.343394754759607,6.6393370786212405,7.499999999999938,8.374253203504992,1.225,Farm,101833.6391,97892.68103,0.8177151765319142
T74,14655.118623325947,14228.156270010848,14227.349774808517,12859.201775551843,12859.201775551843,12859.201775551843,12823.266264189326,12823.266264189326,7.343394754759607,6.870675742714707,7.499999999999938,8.074965452690233,1.225,Farm,108015.6716,102707.0572,0.8750025567025478
T75,14655.118623325947,14153.327906850061,14140.693867236054,12475.439911399224,12475.439911399224,12475.439911399224,12291.679159501617,12291.679159501617,7.343394754759607,6.716934407551008,7.499999999999938,8.288677662433653,1.225,Farm,96882.00611,98177.27719,0.8387294211278139
T76,14655.118623325947,14144.490656783859,14138.705151663717,12039.00563070069,12039.00563070069,12039.00563070069,11980.334519076383,11980.334519076383,7.343394754759607,6.640172409234591,7.499999999999938,8.36260063403321,1.225,Farm,104757.5621,98929.45422,0.8174846500394599
T78,14655.118623325947,14131.598225129015,14125.19705452495,12224.902947044586,12224.902947044586,12224.902947044586,12149.205618675978,12149.205618675978,7.343394754759607,6.68101992645503,7.499999999999938,8.323284391117149,1.225,Farm,99935.007,97478.58334,0.8290076614827662
T79,14655.118623325947,14159.12909364073,14154.84664066528,12303.841652949079,12303.841652949079,12303.841652949079,12262.958347940452,12262.958347940452,7.343394754759607,6.718418801897074,7.499999999999938,8.264118826182123,1.225,Farm,107182.2411,100939.6241,0.8367696409104467
T80,14655.118623325947,14157.637635230778,14133.235138259111,12885.9410769166,12885.9410769166,12885.9410769166,12409.537621312527,12409.537621312527,7.343394754759607,6.747958500273266,7.499999999999938,8.259633504828104,1.225,Farm,95042.3094,98857.01687,0.8467715574516592
T81,14655.118623325947,14136.119775377174,14130.498676237457,12108.700485401323,12108.700485401323,12108.700485401323,12058.039614084359,12058.039614084359,7.343394754759607,6.6598974763555985,7.499999999999938,8.341841826810853,1.225,Farm,103088.417,97879.38267,0.8227868995131895
T83,14655.118623325947,14139.232592478396,14126.634270467157,12516.97202830855,12516.97202830855,12516.97202830855,12397.60639202819,12397.60639202819,7.343394754759607,6.745528025348419,7.499999999999938,8.243304189305157,1.225,Farm,97945.33288,97492.5084,0.8459574235240535
T84,14655.118623325947,14148.242017742275,14142.048065963962,12196.984341795076,12196.984341795076,12196.984341795076,12140.714918463771,12140.714918463771,7.343394754759607,6.683275887719584,7.499999999999938,8.305163657285759,1.225,Farm,105952.27,99362.16939,0.8284282939300059
T86,14655.118623325947,14136.387542022774,14131.501376545091,12224.209732583293,12224.209732583293,12224.209732583293,12175.132488966467,12175.132488966467,7.343394754759607,6.687590345325653,7.499999999999938,8.314303103467248,1.225,Farm,101186.1946,97206.26188,0.8307767955960323
T87,14655.118623325947,14186.544608762246,14184.631455076576,12457.408495464033,12457.408495464033,12457.408495464033,12423.51248714948,12423.51248714948,7.343394754759607,6.761312525148957,7.499999999999938,8.21517227967994,1.225,Farm,108161.7989,101773.3921,0.8477251400323358
T88,14655.118623325947,14148.624219363808,14134.0498543551,12757.45951669894,12757.45951669894,12757.45951669894,12543.338075698553,12543.338075698553,7.343394754759607,6.780845770561825,7.499999999999938,8.215194027806001,1.225,Farm,95962.95203,97953.03495,0.8559015043203977
T89,14655.118623325947,14140.93790964437,14135.41213972171,12217.792393432195,12217.792393432195,12217.792393432195,12166.986673959536,12166.986673959536,7.343394754759607,6.6899990803576195,7.499999999999938,8.295207440728301,1.225,Farm,104371.2681,98064.25164,0.8302209614730682
T91,14655.118623325947,14126.639543361529,14120.551332597599,12561.675720865176,12561.675720865176,12561.675720865176,12482.091339816212,12482.091339816212,7.343394754759607,6.769307657144402,7.499999999999938,8.20847244070022,1.225,Farm,99138.14647,96961.16011,0.8517222999443337
T92,14655.118623325947,14150.398444506309,14144.69455967946,12331.469051501519,12331.469051501519,12331.469051501519,12277.524393547485,12277.524393547485,7.343394754759607,6.722205860520236,7.499999999999938,8.250893925742549,1.225,Farm,107103.1992,99991.20092,0.8377635629646734
T93,14655.118623325947,14181.509058842066,14124.284616258254,13552.779260008465,13552.779260008465,13552.779260008465,12797.522437003581,12797.522437003581,7.343394754759607,6.850033329577563,7.499999999999938,8.127050937160572,1.225,Farm,94089.51501,98855.94823,0.8732459126352136
T94,14655.118623325947,14131.510602172079,14126.500564528616,12295.357047082938,12295.357047082938,12295.357047082938,12244.561513126951,12244.561513126951,7.343394754759607,6.710368102745147,7.499999999999938,8.272078820128195,1.225,Farm,102504.8779,97124.10099,0.8355143228685838
T96,14655.118623325947,14305.54615102731,14311.442186827975,13127.679123459913,13127.679123459913,13127.679123459913,13096.843619487407,13096.843619487407,7.343394754759607,6.9444500159709515,7.499999999999938,7.973487257348072,1.225,Farm,109279.3198,102673.0606,0.8936702565233215
T97,14655.118623325947,14148.507432958762,14142.701829348742,12968.832390262312,12968.832390262312,12968.832390262312,12815.682906576096,12815.682906576096,7.343394754759607,6.855961667691901,7.499999999999938,8.101196279856405,1.225,Farm,96970.6073,96947.61536,0.8744851021661403
T98,14655.118623325947,14155.419335635579,14150.54945296638,12478.723517169155,12478.723517169155,12478.723517169155,12429.897018425445,12429.897018425445,7.343394754759607,6.761457444979871,7.499999999999938,8.192754896124205,1.225,Farm,105760.1706,98294.97611,0.8481607920007752
T100,14655.118623325947,14157.637394031906,14157.124385932259,12793.887501382966,12793.887501382966,12793.887501382966,12733.41468103211,12733.41468103211,7.343394754759607,6.835147758383675,7.499999999999938,8.120139291544056,1.225,Farm,100441.0291,96489.77027,0.8688714849953423
T101,14655.118623325947,14178.408230980001,14176.093457208832,12577.984372010289,12577.984372010289,12577.984372010289,12545.628599308811,12545.628599308811,7.343394754759607,6.796141123896398,7.499999999999938,8.151780527433388,1.225,Farm,108235.0563,100770.5347,0.856057799446294
T102,14655.118623325947,14173.551585082607,14140.77561186846,13384.778637209289,13384.778637209289,13384.778637209289,13113.601281118228,13113.601281118228,7.343394754759607,6.93588647384878,7.499999999999938,8.013183175817673,1.225,Farm,94984.0706,97821.55078,0.8948137246904199
T103,14655.118623325947,14151.964359690417,14146.682665914272,12491.23864622553,12491.23864622553,12491.23864622553,12437.057942102356,12437.057942102356,7.343394754759607,6.759801501580262,7.499999999999938,8.203101536615858,1.225,Farm,103857.9287,97250.19536,0.8486494215274931
T105,14655.118623325947,14156.864207905328,14152.883481437455,12900.02581154139,12900.02581154139,12900.02581154139,12771.651674460953,12771.651674460953,7.343394754759607,6.843539672815241,7.499999999999938,8.117372305646564,1.225,Farm,98275.23922,96629.2176,0.8714806070646772
T106,14655.118623325947,14152.092591031453,14146.317027634768,12357.03929258421,12357.03929258421,12357.03929258421,12324.687554063445,12324.687554063445,7.343394754759607,6.733385945911273,7.499999999999938,8.237183301053973,1.225,Farm,106806.6401,99136.60741,0.8409817669061204
T108,14655.118623325947,14145.923217228796,14141.80444978096,12521.424906913144,12521.424906913144,12521.424906913144,12469.620091171864,12469.620091171864,7.343394754759607,6.765142469923174,7.499999999999938,8.207508088896208,1.225,Farm,101775.7203,96638.23162,0.8508713175016192
T109,14655.118623325947,14207.656584178743,14206.85362220794,12714.4181535236,12714.4181535236,12714.4181535236,12690.213760462797,12690.213760462797,7.343394754759607,6.832805085048275,7.499999999999938,8.125500133157018,1.225,Farm,108929.3153,101920.0763,0.8659236466543715
T110,14655.118623325947,14148.63287387129,14141.309564490608,13064.308523804024,13064.308523804024,13064.308523804024,12889.587603763835,12889.587603763835,7.343394754759607,6.874423695498859,7.499999999999938,8.090241943830225,1.225,Farm,96189.90681,97230.44957,0.8795280294250236
